Emp ID,First Name,Middle Initial,Last Name,Gender,E Mail,Date of Birth,Date of Joining,Salary,Last % Hike,Place Name,County,City,State,Zip,Region
677509,Lois,H,Walker,F,lois.walker@hotmail.com,3/29/1981,11/24/2003,168251,21%,Denver,Denver,Denver,CO,80224,West
940761,Brenda,S,Robinson,F,brenda.robinson@gmail.com,7/31/1970,7/27/2008,51063,27%,Stonewall,De Soto,Stonewall,LA,71078,South
428945,Joe,W,Robinson,M,joe.robinson@gmail.com,6/16/1963,8/3/2016,50155,16%,Michigantown,Clinton,Michigantown,IN,46057,Midwest
408351,Diane,I,Evans,F,diane.evans@yahoo.com,12/4/1977,4/16/1999,180294,1%,Hydetown,Crawford,Hydetown,PA,16328,Northeast
193819,Benjamin,R,Russell,M,benjamin.russell@charter.net,4/17/1977,7/25/2013,117642,13%,Fremont,Waupaca,Fremont,WI,54940,Midwest
499687,Patrick,F,Bailey,M,patrick.bailey@aol.com,9/27/1982,7/22/2005,72305,5%,Macksburg,Madison,Macksburg,IA,50155,Midwest
539712,Nancy,T,Baker,F,nancy.baker@bp.com,6/13/1995,9/14/2016,98189,0%,Atlanta,Fulton,Atlanta,GA,30334,South
380086,Carol,V,Murphy,F,carol.murphy@gmail.com,6/30/1958,1/28/1983,60918,20%,Blanchester,Clinton,Blanchester,OH,45107,Midwest
477616,Frances,B,Young,F,frances.young@gmail.com,6/9/1959,4/27/1994,121587,28%,Delmita,Starr,Delmita,TX,78536,South
162402,Diana,T,Peterson,F,diana.peterson@hotmail.co.uk,11/13/1987,2/17/2014,43010,4%,Eureka Springs,Carroll,Eureka Springs,AR,72632,South
231469,Ralph,L,Flores,M,ralph.flores@yahoo.com,2/5/1975,4/14/2009,118457,8%,Sabetha,Nemaha,Sabetha,KS,66534,Midwest
153989,Jack,C,Alexander,M,jack.alexander@gmail.com,5/19/1995,1/5/2017,82965,23%,Las Vegas,Clark,Las Vegas,NV,89170,West
386158,Melissa,Q,King,F,melissa.king@comcast.net,2/24/1972,11/24/2015,166892,1%,New Matamoras,Washington,New Matamoras,OH,45767,Midwest
301576,Wayne,G,Watson,M,wayne.watson@gmail.com,6/26/1996,7/19/2017,92758,14%,Maida,Cavalier,Maida,ND,58255,Midwest
441771,Cheryl,O,Scott,F,cheryl.scott@gmail.com,2/23/1958,11/26/1990,92220,12%,Quecreek,Somerset,Quecreek,PA,15555,Northeast
528509,Paula,G,Diaz,F,paula.diaz@gmail.com,8/22/1966,8/22/1994,152654,8%,Beulaville,Duplin,Beulaville,NC,28518,South
912990,Joshua,T,Stewart,M,joshua.stewart@yahoo.ca,5/18/1970,9/2/2002,184896,1%,New Douglas,Madison,New Douglas,IL,62074,Midwest
214352,Theresa,G,Lee,F,theresa.lee@gmail.com,12/5/1992,1/19/2015,197537,1%,Toeterville,Mitchell,Toeterville,IA,50481,Midwest
890290,Julia,S,Scott,F,julia.scott@apple.com,7/15/1959,2/23/2005,141518,3%,Primm Springs,Hickman,Primm Springs,TN,38476,South
622406,Thomas,Q,Lewis,M,thomas.lewis@gmail.com,10/4/1967,6/7/1998,73862,3%,Dutchtown,Cape Girardeau,Dutchtown,MO,63745,Midwest
979607,Carol,J,Edwards,F,carol.edwards@msn.com,12/14/1994,4/25/2016,93967,30%,Shreveport,Caddo,Shreveport,LA,71162,South
969580,Matthew,L,Turner,M,matthew.turner@gmail.com,10/26/1993,2/7/2016,52237,9%,Heathsville,Northumberland,Heathsville,VA,22473,South
426038,Joan,C,Stewart,F,joan.stewart@yahoo.com,11/20/1972,12/30/2009,111673,12%,Middleport,Meigs,Middleport,OH,45760,Midwest
388642,Ruby,R,Rogers,F,ruby.rogers@gmail.com,5/1/1980,8/30/2013,160623,9%,Woodbury,Cannon,Woodbury,TN,37190,South
560455,Carolyn,V,Hayes,F,carolyn.hayes@hotmail.co.uk,3/10/1958,7/3/2001,42005,14%,Saint Cloud,Osceola,Saint Cloud,FL,34771,South
477253,Anne,L,Russell,F,anne.russell@ibm.com,7/29/1989,11/24/2013,103160,29%,Stockholm,Grant,Stockholm,SD,57264,Midwest
263480,Daniel,K,Cooper,M,daniel.cooper@yahoo.com,1/1/1990,3/6/2014,153790,13%,Manning,Dunn,Manning,ND,58642,Midwest
683826,Roger,L,Roberts,M,roger.roberts@gmail.com,7/7/1969,1/29/2009,129625,12%,Mount Vernon,Skagit,Mount Vernon,WA,98273,West
474599,Maria,W,Walker,F,maria.walker@microsoft.com,3/19/1975,10/1/1998,48944,21%,Lawrenceburg,Lawrence,Lawrenceburg,TN,38464,South
335732,Brenda,M,Butler,F,brenda.butler@gmail.com,12/6/1963,8/20/1987,60508,29%,Mesa,Maricopa,Mesa,AZ,85208,West
329752,Lillian,X,Brown,F,lillian.brown@aol.com,5/12/1981,4/13/2015,67251,22%,Panacea,Wakulla,Panacea,FL,32346,South
893212,Amy,B,Howard,F,amy.howard@aol.com,6/16/1981,6/1/2003,112715,30%,Kline,Kline,Kline,SC,29814,South
621833,Gregory,X,Edwards,M,gregory.edwards@outlook.com,8/31/1993,9/30/2015,169245,22%,Bonanza,Klamath,Bonanza,OR,97623,West
456747,Roy,Z,Griffin,M,roy.griffin@yahoo.com,5/8/1991,8/23/2012,170895,19%,Liberty,Union,Liberty,IN,47353,Midwest
278556,Richard,Y,Mitchell,M,richard.mitchell@verizon.net,7/28/1993,8/18/2016,122226,14%,Ohatchee,Calhoun,Ohatchee,AL,36271,South
333476,Mary,P,Wilson,F,mary.wilson@sbcglobal.net,12/1/1967,12/22/1991,109394,16%,Nashville,Davidson,Nashville,TN,37219,South
218791,Aaron,N,Price,M,aaron.price@bp.com,2/10/1969,7/3/1997,54402,0%,Eckerty,Crawford,Eckerty,IN,47116,Midwest
134841,Donna,R,Brown,F,donna.brown@aol.com,9/14/1983,7/17/2013,129836,8%,Lima,Livingston,Lima,NY,14485,Northeast
726264,Carl,N,Collins,M,carl.collins@yahoo.com,12/22/1973,6/9/2007,162159,7%,Wright,Jefferson,Wright,AR,72182,South
766610,Joyce,E,Jenkins,F,joyce.jenkins@aol.com,8/22/1961,5/14/2010,119321,13%,Ellsworth,Pierce,Ellsworth,WI,54011,Midwest
923947,Mary,G,Bryant,F,mary.bryant@verizon.net,6/21/1962,5/20/2004,155442,4%,Conroy,Iowa,Conroy,IA,52220,Midwest
227922,Amanda,M,Hughes,F,amanda.hughes@rediffmail.com,7/29/1982,4/19/2007,114257,22%,Lake Charles,Calcasieu,Lake Charles,LA,70605,South
265813,Jack,E,Campbell,M,jack.campbell@gmail.com,1/4/1985,7/29/2007,186280,23%,Kalvesta,Kalvesta,Kalvesta,KS,67856,Midwest
247137,Alan,E,Rivera,M,alan.rivera@apple.com,12/11/1978,6/7/2006,154810,12%,Knoxville,Knox,Knoxville,TN,37901,South
407061,Elizabeth,Q,Jackson,F,elizabeth.jackson@aol.com,8/15/1964,1/19/2005,85420,24%,Rochester,Strafford,Rochester,NH,3867,Northeast
226714,Nancy,L,Davis,F,nancy.davis@ibm.com,11/14/1983,8/25/2012,94986,11%,Bowling Green,Clay,Bowling Green,IN,47833,Midwest
702813,Ernest,D,Martinez,M,ernest.martinez@gmail.com,11/9/1989,1/24/2016,172098,8%,Uniontown,Crawford,Uniontown,AR,72955,South
524896,Judy,Y,Hernandez,F,judy.hernandez@gmail.com,3/25/1961,12/27/2011,133332,30%,Topeka,Shawnee,Topeka,KS,66606,Midwest
363065,Nancy,L,Jones,F,nancy.jones@gmail.com,11/10/1993,10/16/2015,61924,4%,New York City,New York,New York City,NY,10087,Northeast
879753,Pamela,X,Wright,F,pamela.wright@aol.com,4/14/1996,6/9/2017,149262,9%,Banner,Sheridan,Banner,WY,82832,West
958326,Larry,T,Miller,M,larry.miller@shell.com,10/31/1988,2/22/2017,97904,20%,East Saint Louis,St. Clair,East Saint Louis,IL,62201,Midwest
447813,Ann,Q,Coleman,F,ann.coleman@ibm.com,5/11/1989,11/19/2013,130014,12%,Hancock,Pottawattamie,Hancock,IA,51536,Midwest
525955,Judy,C,Gonzales,F,judy.gonzales@gmail.com,6/17/1959,1/3/1992,149575,9%,Eatontown,Monmouth,Eatontown,NJ,7724,Northeast
818384,Peter,X,Washington,M,peter.washington@bp.com,11/6/1982,11/29/2009,173226,27%,Portage,Kalamazoo,Portage,MI,49024,Midwest
971640,Clarence,A,Ross,M,clarence.ross@apple.com,12/13/1960,12/31/2008,165272,9%,Oneida,Scott,Oneida,TN,37841,South
253573,Sharon,E,Lopez,F,sharon.lopez@gmail.com,5/4/1991,3/7/2014,190139,21%,Bartley,McDowell,Bartley,WV,24813,South
904898,Ann,Q,Cooper,F,ann.cooper@exxonmobil.com,12/25/1992,2/15/2017,182521,30%,Arlee,Lake,Arlee,MT,59821,West
515103,Anne,A,Perez,F,anne.perez@sbcglobal.net,5/5/1958,7/28/2003,114426,9%,Cookeville,Putnam,Cookeville,TN,38505,South
491943,Nancy,P,Howard,F,nancy.howard@gmail.com,5/5/1961,2/6/1999,101553,25%,Saxe,Charlotte,Saxe,VA,23967,South
750173,Antonio,R,Roberts,M,antonio.roberts@hotmail.com,8/27/1995,5/1/2017,181646,30%,Mc Calla,Jefferson,Mc Calla,AL,35111,South
687017,Frances,P,Watson,F,frances.watson@outlook.com,1/30/1961,8/20/2010,46945,22%,Trego,Lincoln,Trego,MT,59934,West
241882,Debra,G,Wood,F,debra.wood@hotmail.com,10/30/1969,1/10/1991,84318,19%,Blair,Washington,Blair,NE,68009,Midwest
758872,Henry,Y,Jenkins,M,henry.jenkins@hotmail.com,11/6/1984,6/21/2017,102384,11%,Riverside,Platte,Riverside,MO,64150,Midwest
940922,Melissa,X,Butler,F,melissa.butler@hotmail.com,11/14/1994,2/5/2017,167631,30%,Maxwell,Lincoln,Maxwell,NE,69151,Midwest
917937,Todd,H,Hall,M,todd.hall@yahoo.com,8/31/1991,5/8/2016,163560,0%,Randallstown,Baltimore,Randallstown,MD,21133,South
917395,Christopher,D,Nelson,M,christopher.nelson@aol.com,3/29/1960,11/8/1997,190765,0%,Willow Beach,Mohave,Willow Beach,AZ,86445,West
183071,Andrea,P,Garcia,F,andrea.garcia@aol.com,7/6/1985,4/18/2010,54179,25%,Granger,St. Joseph,Granger,IN,46530,Midwest
316110,Jeremy,I,Sanchez,M,jeremy.sanchez@hotmail.com,2/5/1965,4/2/2006,178847,1%,Alcoa,Blount,Alcoa,TN,37701,South
293459,Steven,J,Phillips,M,steven.phillips@hotmail.com,9/12/1986,3/27/2015,90108,24%,Baton Rouge,East Baton Rouge,Baton Rouge,LA,70833,South
732017,Cynthia,J,Ramirez,F,cynthia.ramirez@btinternet.com,9/22/1982,2/18/2009,90531,2%,Browning,Glacier,Browning,MT,59417,West
915638,Jason,W,Anderson,M,jason.anderson@gmail.com,1/3/1974,9/21/1999,76636,19%,Hudson,McLean,Hudson,IL,61748,Midwest
478003,Cynthia,X,White,F,cynthia.white@gmail.com,6/15/1963,3/4/2004,186200,30%,Kansas City,Jackson,Kansas City,MO,64133,Midwest
951225,Margaret,N,Brooks,F,margaret.brooks@gmail.com,6/27/1992,8/26/2016,43867,9%,Haswell,Kiowa,Haswell,CO,81045,West
883936,Douglas,I,Flores,M,douglas.flores@gmail.com,4/21/1986,9/10/2009,181793,20%,Eckert,Delta,Eckert,CO,81418,West
528673,Paul,V,Watson,M,paul.watson@hotmail.com,3/9/1959,6/26/1995,145235,15%,Blue River,Floyd,Blue River,KY,41607,South
765850,Linda,R,Moore,F,linda.moore@gmail.com,8/18/1991,5/15/2017,113256,18%,Albion,Erie,Albion,PA,16401,Northeast
262382,Cheryl,O,Miller,F,cheryl.miller@ntlworld.com,4/20/1985,7/30/2007,64143,3%,Bays,Breathitt,Bays,KY,41310,South
870820,Martha,G,Washington,F,martha.washington@aol.com,3/28/1991,3/3/2017,116629,25%,Nardin,Kay,Nardin,OK,74646,South
806955,William,G,Hernandez,M,william.hernandez@rediffmail.com,7/22/1967,3/21/2000,73734,22%,Mary Esther,Okaloosa,Mary Esther,FL,32569,South
325319,Carolyn,F,Price,F,carolyn.price@yahoo.com,5/30/1976,11/5/2014,48736,2%,Wheaton,DuPage,Wheaton,IL,60189,Midwest
623253,Ruby,Q,Stewart,F,ruby.stewart@gmail.com,10/23/1968,7/2/2017,174774,7%,Margie,Koochiching,Margie,MN,56658,Midwest
225925,Paul,D,Cooper,M,paul.cooper@gmail.com,8/12/1991,9/8/2014,73526,27%,Glidden,Colorado,Glidden,TX,78943,South
761821,Ernest,G,Washington,M,ernest.washington@msn.com,10/28/1984,1/31/2015,176675,15%,Saranac Lake,Franklin,Saranac Lake,NY,12983,Northeast
400173,Dorothy,K,Edwards,F,dorothy.edwards@hotmail.co.uk,1/19/1984,12/31/2013,179017,1%,Philadelphia,Philadelphia,Philadelphia,PA,19132,Northeast
802554,Ryan,V,Alexander,M,ryan.alexander@shell.com,8/1/1993,8/31/2014,106628,24%,Jarreau,Pointe Coupee,Jarreau,LA,70749,South
476433,Lillian,N,Mitchell,F,lillian.mitchell@shaw.ca,10/23/1974,12/7/1999,149878,3%,Wichita,Sedgwick,Wichita,KS,67214,Midwest
533952,Kelly,R,Adams,F,kelly.adams@bp.com,5/23/1975,7/4/2013,51878,15%,Meno,Major,Meno,OK,73760,South
623929,Jimmy,R,Howard,M,jimmy.howard@yahoo.com,11/27/1966,12/12/2007,120631,13%,Oriskany,Oneida,Oriskany,NY,13424,Northeast
844177,Margaret,T,Allen,F,margaret.allen@gmail.com,9/8/1981,5/17/2013,180107,22%,Richmond Dale,Ross,Richmond Dale,OH,45673,Midwest
212893,Janet,Y,Henderson,F,janet.henderson@ntlworld.com,12/24/1979,12/18/2012,114481,5%,Miami,Miami-Dade,Miami,FL,33166,South
185032,Eugene,D,Perez,M,eugene.perez@exxonmobil.com,10/6/1979,12/8/2014,122950,26%,Racine,Racine,Racine,WI,53490,Midwest
867084,Deborah,E,Smith,F,deborah.smith@yahoo.com,10/31/1977,3/4/2002,52767,28%,Atqasuk,North Slope,Atqasuk,AK,99791,West
969964,Janice,S,Parker,F,janice.parker@yahoo.com,1/12/1980,8/23/2016,147641,25%,Whiteman Air Force Base,Johnson,Whiteman Air Force Base,MO,65305,Midwest
158666,Rebecca,A,Stewart,F,rebecca.stewart@gmail.com,8/11/1961,4/10/1983,160043,9%,Independence,Inyo,Independence,CA,93526,West
489424,Phillip,F,White,M,phillip.white@gmail.com,3/4/1978,1/5/2016,181774,7%,Mapleton,Lane,Mapleton,OR,97453,West
639892,Jose,K,Hill,M,jose.hill@hotmail.com,10/8/1994,7/9/2016,129774,15%,Biloxi,Harrison,Biloxi,MS,39532,South
704709,Harold,Z,Nelson,M,harold.nelson@gmail.com,12/24/1984,8/23/2011,156194,0%,Carol Stream,Carol Stream,Carol Stream,IL,60351,Midwest
461593,Nicole,O,Ward,F,nicole.ward@yahoo.com,12/12/1964,1/23/1989,95673,12%,Detroit,Wayne,Detroit,MI,48278,Midwest
392491,Theresa,R,Murphy,F,theresa.murphy@gmail.com,12/30/1987,8/3/2010,51015,11%,Mc Grath,Yukon-Koyukuk (CA),Mc Grath,AK,99627,West
495141,Tammy,B,Young,F,tammy.young@comcast.net,3/22/1979,4/25/2015,93650,7%,Alma,Gratiot,Alma,MI,48801,Midwest
